product_id,product_name,category,price,stock
153,Eco-Friendly Webcam,Electronics,627.79,4470
418,Heavy Duty Coffee Beans,Grocery,489.2,3461
904,Ultra Bluetooth Speaker,Electronics,605.87,3394
373,Ultra Hoodie,Clothing,740.43,2821
685,Rechargeable Car Charger,Automotive,122.32,4890
616,Portable Nail Polish,Beauty,672.34,288
742,Eco-Friendly Novel,Books,97.66,429
26,Rechargeable Board Game,Toys,452.51,4923
702,Ultra T-Shirt,Clothing,998.83,3912
917,Lightweight Socks,Clothing,785.94,3550
292,Portable Power Bank,Electronics,736.8,1464
175,Wireless Textbook,Books,241.27,2023
216,Portable Power Bank,Electronics,183.71,4578
883,Eco-Friendly Perfume,Beauty,682.17,4042
550,Compact Dash Cam,Automotive,779.04,3900
44,Smart Stapler,Office Supplies,605.76,857
536,Stainless Steel Headphones,Electronics,63.03,4826
475,Pro Jacket,Clothing,589.25,4957
875,Basic Car Charger,Automotive,,4187
199,Pro Perfume,Beauty,61.35,2393
319,Eco-Friendly Doll,Toys,80.18,1218
329,Pro Novel,Books,17.66,148
634,Wireless Board Game,Toys,366.08,4549
813,Premium Watering Can,Garden,256.72,33
336,Lightweight Face Mask,Health,,4835
457,Pro Remote Car,Toys,640.27,4976
668,Eco-Friendly Pasta Pack,Grocery,882.49,2750
127,Eco-Friendly Board Game,Toys,53.86,4291
846,Wireless Journal,Books,672.55,1492
544,Portable Dumbbell Set,Sports & Outdoors,374.05,1595
820,Portable Webcam,Electronics,741.91,4967
929,Basic Dumbbell Set,Sports & Outdoors,N/A,490
560,Pro Thermometer,Health,949.74,3315
90,Premium Pen Set,Office Supplies,662.2,4358
244,Deluxe USB Cable,Electronics,N/A,2848
501,Wireless Nail Polish,Beauty,819.45,2872
360,Eco-Friendly Keyboard Stand,Music,257.28,1526
98,Classic Olive Oil,Grocery,80.36,2762
746,Lightweight Power Bank,Electronics,113.25,4691
229,Wireless Dog Leash,Pet Supplies,811.01,4070
812,Deluxe Cat Litter,Pet Supplies,666.92,3962
392,Pro Rice Bag,Grocery,477.51,2832
890,Ultra Rice Bag,Grocery,80.4,3821
679,Rechargeable Hoodie,Clothing,110.43,3687
261,Rechargeable Nail Polish,Beauty,877.46,2259
648,Stainless Steel Bed Frame,Furniture,327.62,1349
815,Smart Guitar Strings,Music,N/A,3259
767,Stainless Steel Puzzle,Toys,307.78,3411
688,Smart Bed Frame,Furniture,909.4,2944
381,Wireless Desk Organizer,Office Supplies,98.65,2309
108,Eco-Friendly Garden Hose,Garden,528.26,4675
924,Compact Sofa Cover,Furniture,860.16,3246
623,Deluxe Coffee Beans,Grocery,499.57,113
804,Eco-Friendly Tea Box,Grocery,56.83,4566
453,Pro Plant Pot,Garden,free,4089
17,Deluxe Dash Cam,Automotive,943.69,1293
69,Eco-Friendly Rice Bag,Grocery,842.76,4041
172,Eco-Friendly Hair Dryer,Beauty,169.16,372
758,Classic Sweater,Clothing,194.47,1052
354,Ultra Vinyl Record,Music,676.54,3244
916,Basic Webcam,Electronics,480.57,4676
265,Portable Pet Bed,Pet Supplies,974.0,1170
526,Wireless Puzzle,Toys,958.23,4922
545,Ultra Microphone,Music,945.07,2570
783,Rechargeable Seat Cover,Automotive,293.39,1007
511,Stainless Steel Pruning Shears,Garden,892.9,4112
339,Stainless Steel Face Cream,Beauty,140.12,615
905,Wireless Air Freshener,Automotive,324.2,2675
579,Portable Microphone,Music,451.72,4560
624,Deluxe Sofa Cover,Furniture,887.92,3328
35,Basic Guitar Strings,Music,36.05,2685
747,Smart Yoga Mat,Sports & Outdoors,76.84,95
466,Heavy Duty Honey Jar,Grocery,870.57,454
495,Smart Cutting Board,Home & Kitchen,665.36,4086
290,Rechargeable Novel,Books,138.09,454
860,Premium Journal,Books,N/A,2893
122,Heavy Duty Lipstick,Beauty,103.41,4126
430,Basic Action Figure,Toys,177.38,2400
327,Lightweight Car Charger,Automotive,138.78,3291
712,Basic Desk Organizer,Office Supplies,935.96,4034
963,Eco-Friendly Sweater,Clothing,865.14,4065
368,Eco-Friendly Hair Dryer,Beauty,375.08,1606
218,Wireless Jeans,Clothing,620.73,4934
879,Classic Garden Hose,Garden,517.14,2900
654,Deluxe Water Bottle,Sports & Outdoors,558.53,1174
477,Pro Tent,Sports & Outdoors,550.67,3917
825,Lightweight Hair Dryer,Beauty,204.18,1005
415,Lightweight Watering Can,Garden,587.22,529
891,Heavy Duty Laptop Stand,Electronics,573.73,1730
410,DELUXE BOARD GAME,Toys,852.68,3884
940,Lightweight Puzzle,Toys,948.53,4137
165,Wireless Plant Pot,Garden,456.98,2595
757,Ultra Pen Set,Office Supplies,47.19,3856
371,Eco-Friendly Toaster,Home & Kitchen,540.48,679
667,Compact Cutting Board,Home & Kitchen,450.75,3518
212,Portable Notebook,Books,489.27,2192
18,Eco-Friendly Webcam,Electronics,852.94,3511
715,Deluxe Bookshelf,Furniture,233.73,3783
401,Portable Face Mask,Health,532.88,4771
969,Heavy Duty Pruning Shears,Garden,966.08,909
118,Classic Laptop Stand,Electronics,404.42,229
762,Ultra Sofa Cover,Furniture,807.88,944
458,Eco-Friendly Comic Book,Books,671.33,1937
45,Ultra Novel,Books,532.76,4712
209,Pro Comic Book,Books,101.8,1608
388,Deluxe Vitamin Pack,Health,663.04,503
461,Ultra Office Chair,Furniture,320.75,4957
312,Pro Chew Toy,Pet Supplies,952.28,618
365,Smart Guitar Strings,Music,221.98,-10
730,Pro Router,Electronics,466.64,256
289,Pro Building Blocks,Toys,625.14,3860
123,Basic Bed Frame,Furniture,142.29,1594
666,Compact Perfume,Beauty,453.22,1997
480,Eco-Friendly Pet Bed,Pet Supplies,23.14,527
717,Lightweight Knife Set,Home & Kitchen,826.78,1416
257,Compact First Aid Kit,Health,455.36,1688
152,Stainless Steel Drum Sticks,Music,314.67,594
303,Heavy Duty Pen Set,Office Supplies,11.87,1281
227,Portable Water Bottle,Sports & Outdoors,908.83,3288
517,Eco-Friendly Fish Tank Filter,Pet Supplies,166.77,622
171,Smart Chew Toy,Pet Supplies,7.07,1293
380,Heavy Duty Puzzle,Toys,225.93,2988
559,Premium Stapler,Office Supplies,929.32,1894
816,Wireless Bed Frame,Furniture,645.5,2936
267,Heavy Duty Face Mask,Health,123.45,2652
27,Eco-Friendly Novel,Books,253.88,4890
849,Lightweight Nail Polish,Beauty,904.8,1045
279,Eco-Friendly Tea Box,Grocery,463.73,1109
748,Eco-Friendly Power Bank,Electronics,772.15,1906
351,Heavy Duty Lipstick,Beauty,851.14,4196
874,Rechargeable Seat Cover,Automotive,207.25,2161
958,Ultra Fish Tank Filter,Pet Supplies,448.3,3617
464,Pro Shampoo,Beauty,925.83,440
678,Premium Cookbook,Books,194.22,3250
13,Smart Face Cream,Beauty,775.78,1882
390,Heavy Duty Comic Book,Books,846.71,1420
941,Wireless Bookshelf,Furniture,684.29,688
30,Lightweight Vitamin Pack,Health,356.05,4117
683,Deluxe Car Charger,Automotive,400.12,2290
728,Wireless Stapler,Office Supplies,832.16,2754
911,Premium Smartwatch,Electronics,120.13,3224
960,Pro Plant Pot,Garden,611.97,4819
363,Smart Face Cream,Beauty,746.75,2645
859,Ultra Action Figure,Toys,831.55,858
796,Lightweight Scarf,Clothing,866.65,4755
126,Wireless Water Bottle,Sports & Outdoors,960.54,1722
547,Smart Shampoo,Beauty,188.75,983
481,Lightweight Journal,Books,546.61,4388
168,Premium Toaster,Home & Kitchen,821.31,1473
535,Compact Cat Litter,Pet Supplies,731.41,4871
195,Pro Whiteboard,Office Supplies,279.57,4341
585,Stainless Steel Doll,Toys,503.6,3482
142,Wireless Pet Bed,Pet Supplies,75.62,21
828,Portable Garden Hose,Garden,244.07,666
193,Rechargeable Pasta Pack,Grocery,715.25,242
330,Smart Bicycle Helmet,Sports & Outdoors,807.1,4980
331,Classic Dog Leash,Pet Supplies,853.27,4160
73,Wireless Water Bottle,Sports & Outdoors,36.88,4124
362,Heavy Duty Microphone,Music,253.91,4457
96,Ultra Fertilizer Bag,Garden,153.7,2462
826,Rechargeable Coffee Maker,Home & Kitchen,120.84,4772
233,Heavy Duty Tea Box,Grocery,802.56,3476
918,Smart Tent,Sports & Outdoors,259.98,401
441,Wireless Office Chair,Furniture,4.51,3910
781,Wireless Pen Set,Office Supplies,856.28,3267
955,Premium Honey Jar,Grocery,324.0,2246
864,Heavy Duty Laptop Stand,Electronics,70.87,874
611,Eco-Friendly Seat Cover,Automotive,295.35,1147
156,Stainless Steel Smartwatch,Electronics,684.4,1252
137,Wireless Pruning Shears,Garden,572.46,739
810,Deluxe Olive Oil,Grocery,666.02,4112
603,Premium Pen Set,Office Supplies,705.65,3608
665,Pro Car Charger,Automotive,783.77,1240
638,Wireless Face Cream,,834.85,2068
954,Rechargeable Lipstick,Beauty,573.66,1685
315,Wireless Coffee Beans,Grocery,766.05,2057
620,Heavy Duty Pruning Shears,Garden,633.25,2590
385,Basic Fish Tank Filter,Pet Supplies,53.26,3477
506,Lightweight Honey Jar,Grocery,772.74,4489
805,Portable Fertilizer Bag,Garden,983.97,2246
521,Eco-Friendly Thermometer,Health,437.81,1679
669,Lightweight Vinyl Record,Music,510.41,1012
980,Portable Power Bank,Electronics,free,3680
197,Lightweight Pasta Pack,Grocery,280.66,3099
357,Portable Microphone,Music,795.02,1066
452,Classic Coffee Beans,Grocery,N/A,3887
246,Premium Thermometer,Health,707.18,2278
83,Smart Whiteboard,Office Supplies,149.2,2647
908,Premium Action Figure,Toys,969.83,2132
112,Lightweight Knife Set,Home & Kitchen,698.26,3209
2,Smart Coffee Table,Furniture,856.35,4754
707,Portable Journal,Books,57.23,3714
356,Compact Tire Gauge,Automotive,876.06,4616
771,Stainless Steel Tent,Sports & Outdoors,944.12,438
258,Wireless First Aid Kit,Health,994.9,3976
841,Premium Cookware Set,Home & Kitchen,977.6,2697
419, Basic Cutting Board,Home & Kitchen,199.51,4779
533,Lightweight Vinyl Record,Music,564.31,4252
801,Lightweight Stapler,Office Supplies,684.7,4066
328,Heavy Duty Car Charger,Automotive,754.93,4927
345,Lightweight Fish Tank Filter,Pet Supplies,839.75,4790
128,Compact Fish Tank Filter,Pet Supplies,213.66,4723
673,Portable Plant Pot,Garden,419.12,2839
718,Heavy Duty Knife Set,Home & Kitchen,671.77,1430
305,Wireless Pasta Pack,Grocery,95.78,1564
119,Smart Cookbook,Books,153.63,3889
205,Deluxe Notebook,Books,404.24,1120
309,Eco-Friendly Notebook,Books,28.37,3136
394,Classic Toaster,Home & Kitchen,214.5,1851
157,Lightweight Drum Sticks,Music,526.49,1597
5,Deluxe Chew Toy,Pet Supplies,N/A,1947
69,Eco-Friendly Rice Bag,Grocery,842.76,4041
784,Portable Lipstick,Beauty,273.78,1413
100,Smart Shampoo,Beauty,545.51,1659
974,Lightweight Water Bottle,Sports & Outdoors,326.13,3032
141,Lightweight Shampoo,Beauty,971.19,-24
899,Premium Whiteboard,Office Supplies,337.61,1792
12,Basic Jacket,Clothing,461.56,3400
555,Lightweight Honey Jar,Grocery,,2744
602, Deluxe Plant Pot,Garden,345.57,3004
84,Eco-Friendly Coffee Maker,Home & Kitchen,655.9,4944
900,Ultra Perfume,Beauty,637.0,1059
38,Lightweight Bed Frame,Furniture,734.24,334
159,Lightweight Olive Oil,Grocery,70.93,125
582,Premium Coffee Beans,Grocery,871.24,3490
414,Rechargeable Cat Litter,Pet Supplies,575.68,2380
887,Classic Coffee Table,Furniture,744.45,209
49,Deluxe Backpack,Sports & Outdoors,106.7,4775
125,Rechargeable Shampoo,Beauty,541.5,4392
132,Deluxe Shampoo,Beauty,398.73,1999
809,Heavy Duty Whiteboard,Office Supplies,251.24,4939
245,Stainless Steel Watering Can,Garden,370.12,3810
725,Lightweight First Aid Kit,Health,430.5,3275
836,Compact Pet Bed,Pet Supplies,908.51,829
200,Wireless Chew Toy,Pet Supplies,106.67,54
881,Deluxe Watering Can,Garden,323.5,1923
14,Pro Face Cream,Beauty,532.69,4381
538,Eco-Friendly Coffee Beans,Grocery,324.45,2984
803,Ultra Tire Gauge,Automotive,836.18,2631
283,Eco-Friendly Air Freshener,Automotive,275.25,3952
953,Heavy Duty Garden Hose,Garden,399.4,3910
528,Classic Fish Tank Filter,Pet Supplies,183.95,3923
952,Premium Honey Jar,Grocery,645.26,3904
886,Pro Face Mask,Health,96.47,854
863,Eco-Friendly Toaster,Home & Kitchen,650.72,4225
463,Premium Novel,Books,653.16,1645
89,Eco-Friendly Doll,Toys,496.21,303
531,Smart Air Freshener,Automotive,457.0,3024
412,Smart Car Charger,Automotive,993.68,4665
104,Ultra Keyboard Stand,Music,935.74,2055
645,Wireless Car Charger,Automotive,596.35,3973
470,Classic Bed Frame,Furniture,931.24,3954
772,Heavy Duty Air Freshener,Automotive,741.18,40
529,Heavy Duty Board Game,Toys,485.18,1941
695,Deluxe Cookware Set,Home & Kitchen,639.59,4507
347,Rechargeable Face Cream,Beauty,580.19,3
396,Heavy Duty Keyboard Stand,Music,452.93,1486
780,Premium Building Blocks,Toys,66.93,522
402,Pro Chew Toy,Pet Supplies,766.67,4007
832,Pro Shampoo,Beauty,462.38,951
440,Pro USB Cable,Electronics,648.28,3584
776,Basic Jeans,Clothing,128.78,1746
921,Heavy Duty Remote Car,Toys,387.19,1728
889,Wireless Cat Litter,Pet Supplies,686.27,1887
173,Lightweight Pet Bed,Pet Supplies,60.35,1867
191,Wireless Puzzle,Toys,472.37,1896
935,Pro Stapler,Office Supplies,962.54,1873
656,Wireless Textbook,Books,939.06,2949
363,Smart Face Cream,Beauty,746.75,2645
124,Pro Kettle,Home & Kitchen,N/A,488
204,Premium Pen Set,Office Supplies,308.56,4758
793,Portable Bookshelf,Furniture,281.6,3461
87,Eco-Friendly Backpack,Sports & Outdoors,478.15,
207,Compact Pasta Pack,Grocery,691.02,3527
36,Wireless Car Charger,Automotive,17.58,742
525,Portable Olive Oil,Grocery,116.33,4384
787,Basic Tent,Sports & Outdoors,397.87,3575
710,Classic Headphones,Electronics,846.05,3204
409,Basic Coffee Maker,Home & Kitchen,57.88,2598
934,Rechargeable Drum Sticks,Music,771.12,831
909,Stainless Steel Power Bank,Electronics,88.12,3030
774,Eco-Friendly Keyboard Stand,Music,883.33,731
637,Premium Scarf,Clothing,894.17,1413
429,Smart Pen Set,Office Supplies,695.7,1502
111,Stainless Steel Garden Hose,Garden,962.65,1826
273,Compact Pasta Pack,Grocery,482.11,4
853,Compact Plant Pot,Garden,868.91,3317
907,Rechargeable Plant Pot,Garden,730.09,2158
450,Classic Vinyl Record,Music,716.12,2968
462,Eco-Friendly Pet Bed,Pet Supplies,889.05,3284
553,Rechargeable Thermometer,Health,439.31,3152
423,Deluxe Headphones,Electronics,743.25,1457
751,Compact Notebook,Books,266.31,1964
943,Rechargeable Dog Leash,Pet Supplies,799.73,1983
574,Lightweight Yoga Mat,Sports & Outdoors,192.72,372
760,Compact First Aid Kit,Health,395.88,999
382,Ultra Thermometer,Health,76.47,1777
606,Compact Bookshelf,Furniture,627.5,189
56,Rechargeable Rice Bag,Grocery,432.2,3172
658,Rechargeable Action Figure,Toys,967.85,2965
300,  Lightweight Fish Tank Filter  ,Pet Supplies,935.59,4588
944,Basic Chew Toy,Pet Supplies,130.05,2285
340,Stainless Steel Cookware Set,Home & Kitchen,432.15,3670
811,Compact Watering Can,Garden,836.67,2972
607,Ultra Hair Dryer,Beauty,682.88,3149
576,Smart Garden Hose,Garden,109.88,3179
269,Stainless Steel Pasta Pack,Grocery,227.11,164
28,Wireless Power Bank,Electronics,987.77,4503
144,Stainless Steel Toaster,Home & Kitchen,576.42,622
850,Deluxe Bookshelf,Furniture,242.01,849
217,Stainless Steel Chew Toy,Pet Supplies,239.41,247
593,Compact Building Blocks,Toys,330.56,4367
114,Stainless Steel Dog Leash,Pet Supplies,503.54,2249
518,  Ultra Puzzle  ,Toys,488.6,1935
551,Rechargeable Journal,Books,939.65,2027
187,Rechargeable Vinyl Record,Music,497.34,866
629,Classic Shampoo,Beauty,441.15,915
232,Stainless Steel Plant Pot,Garden,685.8,4147
756,Heavy Duty Water Bottle,Sports & Outdoors,445.74,664
349,Classic Face Mask,Health,419.29,2899
978,Rechargeable Cookbook,Books,340.58,2224
78,Lightweight Tent,Sports & Outdoors,880.85,525
304,Premium Coffee Table,Furniture,563.66,4354
400,Eco-Friendly Air Freshener,Automotive,995.29,1861
926,Smart Hoodie,Clothing,42.88,3854
694,Smart Chew Toy,Pet Supplies,640.35,1079
430,Basic Action Figure,Toys,177.38,2400
301,Compact Tent,Sports & Outdoors,410.83,2582
459,Compact Scarf,Clothing,861.11,3615
120,Basic Notebook,Books,305.2,74
355,Deluxe Doll,Toys,,2881
427,Heavy Duty Bed Frame,Furniture,101.31,114
505,Eco-Friendly Board Game,Toys,82.6,1737
627,Smart Jacket,Clothing,99.09,447
792,Lightweight Dash Cam,Automotive,349.99,2768
617,Pro Plant Pot,Garden,38.24,2924
979,Pro Blender,Home & Kitchen,905.01,2735
432,Rechargeable Coffee Table,Furniture,517.96,367
168,Premium Toaster,Home & Kitchen,821.31,1473
600,Ultra First Aid Kit,Health,247.34,3326
938,Deluxe Board Game,Toys,415.34,2080
761,Heavy Duty Bicycle Helmet,Sports & Outdoors,944.07,4281
912,Lightweight Sticky Notes,Office Supplies,318.35,4888
977,Eco-Friendly Face Mask,Health,942.43,3358
445,Heavy Duty Pet Bed,Pet Supplies,154.53,738
53,Heavy Duty Bicycle Helmet,Sports & Outdoors,622.77,4830
224,Ultra Pet Bed,Pet Supplies,481.09,3692
234,Ultra Vinyl Record,Music,104.01,2623
186,Classic Yoga Mat,Sports & Outdoors,974.68,2231
870,  Basic Olive Oil  ,Grocery,252.83,2183
873,Stainless Steel Dumbbell Set,Sports & Outdoors,358.33,4159
785,Pro Doll,Toys,986.76,571
92,Portable Fish Tank Filter,Pet Supplies,,2651
375,Stainless Steel Kettle,Home & Kitchen,822.52,1099
562,Portable Board Game,Toys,19.14,2492
243,Deluxe Sofa Cover,Furniture,625.83,3312
923,Premium Water Bottle,Sports & Outdoors,284.56,4518
928,Basic Jacket,Clothing,892.82,3146
966,Rechargeable Pen Set,Office Supplies,653.81,1741
706,Deluxe Seat Cover,Automotive,293.39,3625
57,Rechargeable Cat Litter,Pet Supplies,728.86,4728
893,Stainless Steel Blender,Home & Kitchen,18.02,3039
235,Compact Tire Gauge,Automotive,234.29,2025
888,Heavy Duty Bookshelf,Furniture,208.34,934
42,Pro Pen Set,Office Supplies,497.91,1998
8,Ultra First Aid Kit,Health,348.96,3279
222,Ultra Office Chair,Furniture,982.98,3758
817,Premium Knife Set,Home & Kitchen,329.9,2902
15,Compact Router,Electronics,4.21,1145
20,Portable Sticky Notes,Office Supplies,297.7,2049
166,Pro Tent,Sports & Outdoors,811.03,1398
563,Pro Stapler,Office Supplies,353.5,4094
236,Deluxe Building Blocks,Toys,35.44,4407
63,Basic Desk Organizer,Office Supplies,624.8,3667
129,Classic Kettle,Home & Kitchen,545.96,1450
782,Pro Vitamin Pack,Health,894.7,3585
25,Heavy Duty Bed Frame,Furniture,480.14,2602
413,Portable Tire Gauge,Automotive,718.56,642
945,Stainless Steel Pruning Shears,Garden,713.38,1287
471,Lightweight Drum Sticks,Music,802.5,2596
769,Stainless Steel Olive Oil,Grocery,741.97,2160
201,Smart Car Charger,Automotive,5.07,3574
240,Lightweight Kettle,Home & Kitchen,588.29,963
334,Pro Car Charger,Automotive,722.68,395
509, Heavy Duty Board Game,Toys,279.03,4702
306,Ultra Backpack,Sports & Outdoors,583.99,4474
549,Lightweight Tire Gauge,Automotive,630.5,3855
561,Heavy Duty Dumbbell Set,Sports & Outdoors,518.48,2831
942,Portable Whiteboard,Office Supplies,188.07,551
598,Compact Headphones,Electronics,290.62,935
296,Stainless Steel Face Mask,Health,76.52,4506
651,Wireless Board Game,Toys,845.39,2213
599,Deluxe USB Cable,Electronics,372.05,3824
514,Premium Puzzle,Toys,325.5,1348
136,Premium Remote Car,Toys,517.26,2326
40,Heavy Duty Guitar Strings,Music,212.4,4148
274,Compact Olive Oil,Grocery,881.75,4715
220,Heavy Duty Doll,Toys,204.5,3682
421,Pro Office Chair,Furniture,480.51,1259
786,Wireless Dog Leash,Pet Supplies,878.95,3875
485,Lightweight Cap,Clothing,415.72,696
650,Wireless Router,Electronics,661.08,991
818,Heavy Duty Power Bank,Electronics,921.97,1254
788,Stainless Steel Cookware Set,Home & Kitchen,753.75,1194
736,Wireless Bed Frame,Furniture,21.82,399
469,Pro Chew Toy,Pet Supplies,633.07,2018
422,Premium Garden Hose,Garden,47.34,1010
3,Portable Watering Can,Garden,672.05,2097
672,Wireless Coffee Table,Furniture,608.47,1588
653,Wireless Dumbbell Set,Sports & Outdoors,157.88,2893
499,Pro Air Freshener,Automotive,685.39,4311
259,Compact Sofa Cover,Furniture,896.48,3070
532,Lightweight Face Cream,Beauty,857.69,666
677,Eco-Friendly Nail Polish,Beauty,897.91,4107
372,Heavy Duty Garden Hose,Garden,342.76,2083
591,Lightweight Building Blocks,Toys,6.49,3620
33,Eco-Friendly Garden Hose,Garden,839.67,3437
131,Stainless Steel Perfume,Beauty,875.55,1748
74,Portable Bookshelf,Furniture,680.69,
151,Deluxe Fish Tank Filter,Pet Supplies,909.32,3110
901,Compact Router,Electronics,906.84,280
642,Pro Bed Frame,Furniture,597.48,3023
317,Eco-Friendly Bed Frame,Furniture,688.8,917
130,Lightweight Dash Cam,Automotive,652.28,2371
262,Classic Tea Box,Grocery,510.44,3780
211,Rechargeable Cookware Set,Home & Kitchen,648.75,549
91,Smart Laptop Stand,Electronics,736.15,554
766,Wireless Jacket,Clothing,702.76,4102
939,Wireless Microphone,Music,381.89,3435
337,Deluxe Desk Organizer,Office Supplies,778.66,561
534,Classic Pasta Pack,Grocery,494.55,4406
575,Eco-Friendly Hair Dryer,Beauty,450.36,531
729,Smart Seat Cover,Automotive,494.61,316
630,Classic Kettle,Home & Kitchen,221.77,884
877,Premium Air Freshener,Automotive,806.64,1116
962,Compact Pet Bed,Pet Supplies,344.81,1725
169,Deluxe Dash Cam,Automotive,358.79,1482
557,Premium Backpack,Sports & Outdoors,445.63,1150
898,Classic Webcam,Electronics,835.05,4714
732,Deluxe Garden Hose,Garden,631.44,637
920,Eco-Friendly Doll,Toys,257.48,2939
726,Rechargeable Hair Dryer,Beauty,524.9,3916
558,Compact Bed Frame,Furniture,945.34,222
276,Compact Pet Bed,Pet Supplies,999.57,3756
272,Eco-Friendly Guitar Strings,Music,683.18,4048
476,Lightweight Hair Dryer,Beauty,602.71,787
323,Deluxe T-Shirt,Clothing,272.32,885
716,Deluxe Textbook,Books,890.13,1426
253,Premium Novel,Books,727.53,2558
208,Wireless Hair Dryer,Beauty,947.32,420
384,Pro Nail Polish,Beauty,428.95,3839
75,Eco-Friendly Face Cream,Beauty,439.87,4340
723,Heavy Duty Coffee Table,Furniture,547.66,470
138,Wireless Shampoo,Beauty,853.74,1823
320,Lightweight Face Mask,Health,337.71,1238
659,Rechargeable Garden Hose,Garden,483.05,54
383,Pro Toaster,Home & Kitchen,701.26,4330
914,Stainless Steel Hoodie,Clothing,260.09,642
674,Compact Sticky Notes,Office Supplies,988.22,3303
47,Premium Hoodie,Clothing,352.42,1030
919,Stainless Steel Headphones,Electronics,296.27,184
376,Premium Vinyl Record,Music,91.12,3722
139,Portable Dog Leash,Pet Supplies,942.98,500
135,Portable Car Charger,Automotive,944.87,3319
964,Smart Dog Leash,Pet Supplies,794.26,3444
731,Premium Sofa Cover,,732.68,946
167,Pro Sofa Cover,Furniture,168.75,4743
436,Eco-Friendly Dumbbell Set,Sports & Outdoors,465.17,3665
696,Rechargeable Thermometer,Health,958.42,3491
337,Deluxe Desk Organizer,Office Supplies,778.66,561
378,Wireless Knife Set,Home & Kitchen,365.08,145
722,Eco-Friendly Dash Cam,Automotive,788.15,2957
206,Lightweight Hair Dryer,Beauty,709.56,3957
568,Wireless Whiteboard,Office Supplies,10.62,2697
496,Wireless Board Game,Toys,677.02,2629
867,Smart Garden Hose,Garden,6.6,3639
251,Wireless Doll,Toys,5.76,484
467,Rechargeable Pet Bed,Pet Supplies,909.81,885
182,Pro Watering Can,Garden,526.2,1565
684,Compact Car Charger,Automotive,252.15,1107
442,Rechargeable Jacket,Clothing,511.71,3382
403,Rechargeable Dash Cam,Automotive,300.19,129
344,Rechargeable Router,Electronics,809.39,4171
502,Pro Plant Pot,Garden,678.77,4447
291,Eco-Friendly Chew Toy,PET SUPPLIES,441.01,3325
39,Stainless Steel Bluetooth Speaker,Electronics,581.37,455
485,Lightweight Cap,Clothing,415.72,696
11,Stainless Steel Face Cream,Beauty,120.11,2332
727,Classic Pet Bed,Pet Supplies,978.14,2994
189,Stainless Steel Seat Cover,Automotive,214.16,3999
608,Lightweight Remote Car,Toys,310.17,1982
647,Lightweight Fertilizer Bag,Garden,195.16,2019
50,Portable Stapler,Office Supplies,756.54,4924
404,Heavy Duty Watering Can,Garden,333.56,4815
589,Stainless Steel Pasta Pack,,352.17,2914
842,Basic Bookshelf,Furniture,959.39,2703
288,Eco-Friendly Desk Organizer,Office Supplies,910.59,1946
530,Compact Tea Box,Grocery,82.58,1820
546,Basic Vinyl Record,Music,543.3,4672
407,Ultra Webcam,Electronics,702.6,2002
56,Rechargeable Rice Bag,Grocery,432.2,3172
516,Eco-Friendly Kettle,Home & Kitchen,29.83,3917
972,Classic Vitamin Pack,Health,370.73,2310
838,Premium Action Figure,Toys,441.25,1953
691,Rechargeable Webcam,Electronics,186.21,3113
266,Pro Backpack,Sports & Outdoors,591.52,3523
829,Eco-Friendly Cookware Set,Home & Kitchen,487.84,1122
571,Basic Bicycle Helmet,Sports & Outdoors,479.04,3583
451,Heavy Duty Bicycle Helmet,Sports & Outdoors,728.59,3110
133,Eco-Friendly USB Cable,Electronics,45.23,3842
573,Pro Router,Electronics,699.26,196
346,Ultra Microphone,Music,78.09,1410
504,Heavy Duty Webcam,Electronics,595.95,2129
113,Portable Cookware Set,Home & Kitchen,686.3,2053
705,Eco-Friendly Seat Cover,Automotive,553.91,3205
795,Wireless Board Game,Toys,327.11,1913
808,Wireless Cookbook,Books,703.17,3040
397,Wireless Rice Bag,Grocery,364.34,2777
619,Pro USB Cable,Electronics,N/A,4506
583,Ultra Thermometer,Health,38.72,4335
740,Portable Whiteboard,Office Supplies,80.49,3176
318,Eco-Friendly Notebook,Books,764.12,3249
750,Classic Bicycle Helmet,Sports & Outdoors,90.22,3540
174,Wireless Thermometer,Health,-750.7,4916
975,Portable Nail Polish,Beauty,492.39,2188
663,Portable Cutting Board,Home & Kitchen,208.3,267
359,Stainless Steel Cookware Set,Home & Kitchen,728.41,4526
484,Compact Air Freshener,Automotive,701.43,3067
675,Wireless Hair Dryer,Beauty,710.33,4944
154,Classic Air Freshener,Automotive,986.79,1809
386,Heavy Duty Nail Polish,Beauty,959.83,2105
341,Lightweight Chew Toy,Pet Supplies,260.87,4142
515,Premium Socks,Clothing,321.87,-31
915,Classic Building Blocks,Toys,738.64,4414
548,Stainless Steel Bed Frame,Furniture,3.59,4014
51,Premium Doll,Toys,579.3,1360
428,Premium Whiteboard,Office Supplies,5.06,2172
448,Lightweight Desk Organizer,Office Supplies,989.6,413
497,Basic Router,Electronics,153.86,4259
507,Portable Perfume,Beauty,830.66,2422
281,Classic Coffee Maker,Home & Kitchen,314.42,588
613,Heavy Duty Guitar Strings,Music,41.75,1809
416,Pro Cap,Clothing,440.19,1881
775,Eco-Friendly Olive Oil,Grocery,107.4,301
155,Stainless Steel Cat Litter,Pet Supplies,79.39,2860
60,Smart Seat Cover,Automotive,463.02,2377
417,Basic Pen Set,Office Supplies,54.98,2300
336,Lightweight Face Mask,Health,,4835
116,Classic Bookshelf,Furniture,540.38,4340
72,Smart Smartwatch,Electronics,970.22,3636
765,Wireless Jeans,Clothing,165.41,2155
324,Pro Knife Set,Home & Kitchen,444.67,4574
802,Rechargeable Dash Cam,Automotive,685.04,3961
833,Portable Building Blocks,Toys,281.79,1429
348,Deluxe Cookbook,Books,724.95,2127
311,Heavy Duty Yoga Mat,Sports & Outdoors,801.03,4811
34,Wireless Cookware Set,Home & Kitchen,984.48,4164
631,Eco-Friendly Cutting Board,Home & Kitchen,594.92,3706
66,Stainless Steel Cap,Clothing,311.33,654
595,Lightweight Power Bank,Electronics,327.69,3666
894,Premium Seat Cover,Automotive,478.64,790
284,Eco-Friendly Cookware Set ,Home & Kitchen,57.49,2316
43,Lightweight Chew Toy,Pet Supplies,573.95,4700
814,Portable Fertilizer Bag,Garden,475.61,676
350,Stainless Steel Tea Box,Grocery,872.14,3437
959,Eco-Friendly Perfume,Beauty,427.11,3279
278,Portable First Aid Kit,Health,513.42,824
88,Deluxe Air Freshener,Automotive,322.14,3504
321,Compact Garden Hose,Garden,847.38,2143
743,Compact Vinyl Record,Music,193.13,63
858,Premium Keyboard Stand,Music,941.33,4714
965,Classic Pruning Shears,Garden,576.64,214
967,Basic Fertilizer Bag,Garden,672.05,3405
277,Pro Knife Set,Home & Kitchen,608.86,192
343,Rechargeable Sofa Cover,Furniture,192.98,1300
680,Classic Office Chair,Furniture,245.97,337
866,Pro Puzzle,Toys,599.97,4580
854,Smart Coffee Table,Furniture,832.86,2362
664,Basic Thermometer,Health,619.63,4003
426,Rechargeable Socks,Clothing,584.15,350
1,Stainless Steel Dog Leash,Pet Supplies,857.91,1073
16,Stainless Steel Laptop Stand,Electronics,635.16,1758
268,Eco-Friendly Comic Book,Books,5.52,875
164,Basic Cookbook,,202.0,999
733,Lightweight Garden Hose,Garden,364.8,4813
565,Rechargeable Sofa Cover,Furniture,771.44,3623
79,Wireless Journal,Books,577.67,3393
161,Compact Yoga Mat,Sports & Outdoors,246.53,209
424,  Basic Tire Gauge  ,Automotive,418.26,472
703,Compact Pen Set,Office Supplies,867.71,3462
580,Deluxe Garden Hose,Garden,291.27,4698
297,Classic Stapler,Office Supplies,555.58,555
839,Wireless Keyboard Stand,Music,115.04,4163
6,Classic Tire Gauge,Automotive,626.64,134
690,Premium Office Chair,Furniture,674.89,3492
46,Deluxe Perfume,Beauty,525.34,1175
493,Deluxe Bed Frame,Furniture,376.75,1588
242,Stainless Steel Air Freshener,Automotive,649.75,2115
906,Pro Face Mask,Health,698.08,4412
744,DELUXE SWEATER,Clothing,692.17,991
219,Wireless Tea Box,Grocery,457.2,2695
456,Compact Vitamin Pack,Health,680.98,722
107,Wireless Backpack,Sports & Outdoors,471.44,3636
190,Premium Blender,Home & Kitchen,615.63,3959
7,Pro Plant Pot,Garden,895.15,740
239,Smart Thermometer,Health,832.5,4532
512,Classic Jeans,Clothing,4.02,1790
843,Lightweight Comic Book,Books,907.3,4707
425,Heavy Duty Cap,Clothing,325.73,2786
369,Basic Cookware Set,Home & Kitchen,915.65,3397
462,Eco-Friendly Pet Bed,Pet Supplies,889.05,3284
95,Pro Shampoo,Beauty,243.7,1692
196,Basic Lipstick,Beauty,933.66,1704
660,Stainless Steel Water Bottle,Sports & Outdoors,542.77,505
282,Portable Nail Polish,Beauty,576.04,2609
835,Basic Notebook,Books,493.67,4014
68,Smart Sweater,Clothing,417.0,2794
763,Smart Nail Polish,Beauty,862.34,808
59,Ultra Laptop Stand,Electronics,613.25,3853
489,Heavy Duty Bicycle Helmet,Sports & Outdoors,669.34,3581
225,Eco-Friendly Textbook,Books,97.26,256
94,Stainless Steel Laptop Stand,Electronics,626.91,2818
231,Premium Drum Sticks,Music,475.64,1323
869,Deluxe Car Charger,Automotive,226.05,1711
759,Rechargeable Face Mask,Health,683.37,4040
635,Deluxe Router,Electronics,468.11,1896
310,Classic Desk Organizer,Office Supplies,666.68,515
721,Wireless Pasta Pack,Grocery,237.4,698
332,Wireless Bluetooth Speaker,Electronics,19.52,1774
117,Deluxe Drum Sticks,Music,263.86,29
956,Classic Cat Litter,Pet Supplies,114.62,816
895,Rechargeable Shampoo,Beauty,272.85,2445
865,Deluxe Bookshelf,Furniture,925.66,4451
644,Rechargeable Plant Pot,Garden,221.93,3792
379,Eco-Friendly Coffee Maker,Home & Kitchen,661.72,4680
215,Classic Textbook,Books,138.67,3253
597,Lightweight Watering Can,Garden,474.47,1220
81,Heavy Duty Dumbbell Set,Sports & Outdoors,358.65,1455
31,Deluxe Hair Dryer,Beauty,61.43,1317
326,Portable Coffee Table,Furniture,449.37,2474
738,Classic Drum Sticks,Music,188.44,3561
228,Deluxe Dash Cam,Automotive,922.77,4250
406,Wireless Fertilizer Bag,Garden,449.0,3889
681,Smart Drum Sticks,Music,681.7,1815
299,Deluxe Cookbook,Books,226.29,3633
676,Stainless Steel Guitar Strings,Music,687.83,1883
542,Portable Jacket,Clothing,611.43,2023
449,Classic Cookbook,Books,758.01,3169
374,Heavy Duty Backpack,Sports & Outdoors,835.6,268
433,Heavy Duty Yoga Mat,Sports & Outdoors,127.36,3807
185,Ultra Cat Litter,Pet Supplies,650.07,4221
932, Lightweight Olive Oil,Grocery,499.01,582
468,Pro Hoodie,Clothing,655.24,1600
255,Ultra Coffee Beans,Grocery,413.18,1321
256,Smart Coffee Maker,Home & Kitchen,505.04,2704
287,Lightweight Backpack,Sports & Outdoors,703.97,268
610,Lightweight Laptop Stand,Electronics,656.61,1729
138,Wireless Shampoo,Beauty,853.74,1823
71,Compact Dash Cam,Automotive,764.06,1865
581,Deluxe Cookware Set,Home & Kitchen,225.41,847
105,Pro Rice Bag,Grocery,806.11,1766
472,Eco-Friendly Sofa Cover,Furniture,442.62,3840
9,Smart Face Mask,Health,190.35,1706
80,Pro Pasta Pack,Grocery,365.71,2532
946,Heavy Duty Fertilizer Bag,Garden,749.04,2659
21,Stainless Steel Seat Cover,Automotive,377.52,3444
937,Heavy Duty Rice Bag,Grocery,61.21,2967
687,Deluxe Novel,Books,355.87,1974
855,Compact Vitamin Pack,Health,213.89,1033
52,Wireless Whiteboard,Office Supplies,66.33,1486
527,Deluxe Keyboard Stand,Music,919.09,1991
741,Compact First Aid Kit,Health,761.36,
226,Lightweight Desk Organizer,Office Supplies,688.26,173
498,Lightweight Novel,Books,13.27,1006
325,Premium Air Freshener,Automotive,775.18,4551
103,Lightweight Face Mask,Health,163.64,4188
840,Ultra Olive Oil,Grocery,709.92,2355
188,Premium Bicycle Helmet,Sports & Outdoors,836.83,965
322,Premium Keyboard Stand,Music,742.36,4178
391,Lightweight Face Cream,Beauty,88.13,4474
636,Deluxe Desk Organizer,Office Supplies,759.28,4063
387,Basic Rice Bag,Grocery,636.02,423
612,Wireless Cat Litter,Pet Supplies,365.05,4177
699,Deluxe Building Blocks,Toys,325.44,3932
834,Pro Tea Box,Grocery,496.33,1179
700,Stainless Steel Fish Tank Filter,Pet Supplies,583.39,144
856,Rechargeable Toaster,Home & Kitchen,173.03,273
302,Heavy Duty T-Shirt,Clothing,14.6,2849
54,Lightweight Laptop Stand,Electronics,772.39,2022
86,Lightweight Yoga Mat,Sports & Outdoors,925.74,919
632,Lightweight Shampoo,Beauty,867.39,4784
393,Portable Desk Organizer,Office Supplies,866.94,2314
552,Heavy Duty Router,Electronics,222.22,4222
261,Rechargeable Nail Polish,Beauty,877.46,2259
264,Stainless Steel Sticky Notes,Office Supplies,70.19,490
852,Heavy Duty T-Shirt,Clothing,330.52,3055
291,Eco-Friendly Chew Toy,PET SUPPLIES,441.01,3325
519,Lightweight Sofa Cover,Furniture,742.38,2597
170,Compact Power Bank,Electronics,113.77,3608
454,Basic Seat Cover,Automotive,596.8,3778
447,Classic Garden Hose,Garden,392.18,4099
719,Wireless Watering Can,Garden,40.54,2430
176,Classic Cat Litter,Pet Supplies,49.17,1379
745,Wireless Fertilizer Bag,Garden,318.83,2048
609,Basic Water Bottle,Sports & Outdoors,350.56,4146
275,Deluxe Face Mask,HEALTH,441.04,1744
584,Portable Bicycle Helmet,Sports & Outdoors,36.72,4581
540,Wireless Bookshelf,Furniture,305.35,1514
682,Deluxe Cookbook,Books,655.39,785
523,Lightweight Tire Gauge,Automotive,301.89,4879
247,Stainless Steel Journal,Books,418.37,1015
604,Premium Pen Set,Office Supplies,45.44,2554
500,Stainless Steel Car Charger,Automotive,541.45,2589
473,Classic Vitamin Pack,Health,362.78,4233
779,Ultra Water Bottle,Sports & Outdoors,382.84,3456
405,Portable Fertilizer Bag,Garden,370.71,4120
148,Eco-Friendly Kettle,Home & Kitchen,891.38,2426
478,Basic Headphones,Electronics,130.35,2025
708,Lightweight Socks,Clothing,200.49,146
252,  Premium First Aid Kit  ,Health,785.09,3027
524,Stainless Steel Pen Set,Office Supplies,655.78,2967
720,Smart Bookshelf,Furniture,685.03,2422
778,Heavy Duty Stapler,Office Supplies,165.26,2002
313,Portable Fish Tank Filter,Pet Supplies,476.46,4267
649,Rechargeable Action Figure,Toys,477.05,3415
671,Lightweight Sticky Notes,Office Supplies,296.69,1237
913,Premium Desk Organizer,Office Supplies,925.01,196
150,Basic Remote Car,Toys,337.82,4187
884,Portable Webcam,Electronics,766.36,1908
633,Lightweight Water Bottle,Sports & Outdoors,746.49,4787
455,Wireless Chew Toy,Pet Supplies,947.46,3401
435,Portable Pet Bed,Pet Supplies,759.7,1925
971,Compact Guitar Strings,Music,969.36,149
203,Lightweight Dumbbell Set,Sports & Outdoors,535.11,4797
830,Rechargeable Yoga Mat,Sports & Outdoors,691.21,1754
338,Pro Scarf,Clothing,416.89,2485
868,Basic Pen Set,Office Supplies,439.63,1894
367,Deluxe Dash Cam,Automotive,590.94,124
770,Basic T-Shirt,Clothing,411.93,4891
411,Pro Board Game,Toys,987.19,3704
77,Basic Bed Frame,Furniture,929.06,3096
210,Smart Perfume,Beauty,72.75,2581
590,Pro Garden Hose,Garden,914.31,2679
465,Deluxe Backpack,Sports & Outdoors,390.98,462
82,Pro Water Bottle,Sports & Outdoors,302.89,2434
701,Pro Shampoo,Beauty,616.47,4288
140,Eco-Friendly Vitamin Pack,Health,414.1,3074
199,Pro Perfume,Beauty,61.35,2393
460,Pro Water Bottle,Sports & Outdoors,300.57,1826
184,Wireless Dog Leash,Pet Supplies,558.17,2013
749,Compact Pen Set,Office Supplies,803.25,1850
10,Stainless Steel Coffee Table,Furniture,757.64,1542
250,Pro Remote Car,Toys,922.23,782
753,Heavy Duty Pruning Shears,Garden,994.26,445
871,Classic Pet Bed,Pet Supplies,311.0,3601
333,Rechargeable Doll,Toys,28.57,273
646,Compact Chew Toy,Pet Supplies,24.34,1551
564,Heavy Duty Jeans,Clothing,444.03,1665
643,Basic Building Blocks,Toys,674.3,4696
947,Pro Office Chair,Furniture,859.68,2452
248,Classic Air Freshener,Automotive,567.0,4047
491,Ultra Seat Cover,Automotive,928.63,1929
737,Eco-Friendly Socks,Clothing,34.39,1637
486,Basic Rice Bag,Grocery,987.73,2986
249,Rechargeable Router,Electronics,126.32,2092
791,Wireless Hair Dryer,Beauty,402.43,1837
821,Wireless Bookshelf,Furniture,80.19,777
513,Portable Pasta Pack,Grocery,550.99,
878,Wireless Hand Sanitizer,Health,N/A,4846
163,Deluxe Perfume,Beauty,255.19,2783
294,Ultra Face Mask,Health,280.07,2743
764,Classic Olive Oil,Grocery,866.23,928
693,Compact Nail Polish,Beauty,810.4,2547
806,Basic Cap,Clothing,859.15,2279
931,Portable USB Cable,Electronics,111.97,176
739,Lightweight Toaster,Home & Kitchen,971.84,446
213,Rechargeable Knife Set,Home & Kitchen,879.6,4220
692,Wireless Yoga Mat,Sports & Outdoors,399.28,1156
572,Rechargeable Seat Cover,Automotive,620.54,3038
798,Deluxe Pen Set,Office Supplies,99.29,1746
298,Premium Textbook,Books,953.72,3711
847,Heavy Duty Coffee Beans,Grocery,586.42,3717
223,Ultra Car Charger,Automotive,312.44,3189
158,Pro Tent,Sports & Outdoors,256.85,114
260,Pro Sweater,Clothing,197.72,3367
896,Eco-Friendly Cookware Set,Home & Kitchen,560.42,3917
662,Heavy Duty Vitamin Pack,Health,159.31,588
444,Eco-Friendly Nail Polish,Beauty,605.63,4075
86,Lightweight Yoga Mat,Sports & Outdoors,925.74,919
848,Smart Toaster,Home & Kitchen,722.63,815
395,Compact Bookshelf,Furniture,266.25,2949
930,Classic Stapler,Office Supplies,567.66,4928
377,Basic Olive Oil,Grocery,973.24,3444
61,Premium Desk Organizer,Office Supplies,529.69,4182
861,Smart Keyboard Stand,Music,207.88,1388
577,Smart Seat Cover,Automotive,451.82,230
237,Heavy Duty Pet Bed,Pet Supplies,996.73,3437
194,Wireless Comic Book,Books,358.79,4324
29,Heavy Duty Whiteboard,Office Supplies,747.14,1974
149,Premium Hair Dryer,Beauty,638.41,3622
670,Lightweight Coffee Table,Furniture,386.95,3656
85,Pro Office Chair,Furniture,115.61,4264
99,Rechargeable Face Mask,Health,532.1,1093
882,Premium Comic Book,Books,448.18,132
605,Wireless Bicycle Helmet,Sports & Outdoors,37.3,4536
366,Smart Sticky Notes,Office Supplies,532.04,4625
950,Portable Board Game,Toys,882.37,4751
819,  Smart Car Charger  ,Automotive,269.46,1255
97,Compact Coffee Table,Furniture,281.42,2629
614,Deluxe Notebook,Books,free,2431
474,Pro Sofa Cover,Furniture,771.09,3884
567,Basic Sweater,Clothing,37.68,4145
160,Lightweight Sticky Notes,Office Supplies,174.43,4225
556,Basic Plant Pot,Garden,643.83,2272
110,Ultra Coffee Maker,Home & Kitchen,951.58,739
70,Pro Jacket,Clothing,782.99,4576
254,Heavy Duty Plant Pot,Garden,769.53,4974
41,Eco-Friendly Tent,Sports & Outdoors,442.98,1898
270,Stainless Steel Building Blocks,Toys,160.75,3088
910,Eco-Friendly Microphone,Music,486.15,2298
308,Ultra Tire Gauge,Automotive,153.44,3269
587,Smart Toaster,Home & Kitchen,396.78,2752
179,Lightweight Building Blocks,Toys,912.89,1900
711,Lightweight Cutting Board,Home & Kitchen,42.92,59
968,Basic Olive Oil,Grocery,305.45,2273
827,Compact Bicycle Helmet,Sports & Outdoors,878.61,1216
121,Ultra Board Game,Toys,813.97,4478
880,Deluxe Journal,Books,992.12,3491
626,Smart Comic Book,Books,296.53,4937
361,Stainless Steel Face Cream,Beauty,220.31,4657
655,Pro Chew Toy,Pet Supplies,155.4,723
592,Compact Tea Box,Grocery,356.05,97
361,Stainless Steel Face Cream,Beauty,220.31,4657
389,Smart Building Blocks,Toys,233.15,2050
714,Pro Sofa Cover,Furniture,535.89,4338
93,Heavy Duty Kettle,Home & Kitchen,322.41,3508
4,Heavy Duty First Aid Kit,Health,482.07,3352
566,Lightweight Cookware Set,Home & Kitchen,638.77,4535
101,Wireless Garden Hose,Garden,995.38,1190
289,Pro Building Blocks,Toys,625.14,3860
639,Classic Scarf,Clothing,40.26,2170
286,Premium Hair Dryer,Beauty,392.91,880
799,Deluxe Tea Box,Grocery,931.58,2380
777,Rechargeable Seat Cover,Automotive,93.66,4279
180,Eco-Friendly Tea Box,Grocery,357.03,1724
734,Premium Hand Sanitizer,Health,285.26,1716
588,Premium Sticky Notes,Office Supplies,934.53,3889
925,Classic Shampoo,Beauty,445.43,495
183,Smart Novel,Books,412.94,2086
238,Compact Olive Oil,Grocery,387.18,3908
307,Basic Bed Frame,Furniture,176.23,2604
973,Wireless Remote Car,Toys,39.16,4409
790,Compact Microphone,Music,743.24,649
872,Stainless Steel Chew Toy,Pet Supplies,983.75,127
145,Basic Plant Pot,Garden,5.33,2557
19,Compact Journal,Books,944.44,1633
594,Pro Whiteboard,Office Supplies,503.93,529
755,Ultra Cookware Set,Home & Kitchen,170.52,1583
845,Ultra Rice Bag,Grocery,801.42,4971
316,Smart Watering Can,Garden,647.6,541
768,Deluxe Coffee Beans,Grocery,915.59,1670
773,Premium Notebook,Books,893.15,743
221,Premium Chew Toy,Pet Supplies,277.99,4820
936,Pro Garden Hose,Garden,250.14,4783
65,Compact Textbook,Books,877.88,3865
537,Wireless Power Bank,Electronics,352.95,928
22,Heavy Duty Olive Oil,Grocery,641.85,4745
933,Rechargeable Pruning Shears,Garden,767.05,3172
686,Smart Textbook,Books,837.11,2993
922,Smart Doll,Toys,free,2875
55,Pro Dash Cam,Automotive,449.59,3430
214,Portable Textbook,Books,14.88,2931
146,Deluxe Tire Gauge,Automotive,39.76,3396
522,Basic Bed Frame,Furniture,530.36,2867
640,Classic Building Blocks,Toys,188.2,2140
492,Smart Dumbbell Set,Sports & Outdoors,854.36,4318
64,Compact Vitamin Pack,Health,386.98,3128
543,Lightweight Guitar Strings,Music,979.07,3329
488,Classic First Aid Kit,Health,883.31,4479
628,Wireless Scarf,Clothing,327.87,3349
438,Eco-Friendly Drum Sticks,Music,799.86,2742
358,Rechargeable Garden Hose,Garden,228.82,3864
76,Ultra Olive Oil,Grocery,872.35,-49
621,Premium Socks,Clothing,688.51,3084
398,Deluxe Smartwatch,Electronics,659.56,4269
102,Eco-Friendly Olive Oil,Grocery,113.22,4303
37,Eco-Friendly Watering Can,Garden,125.22,2584
353,Rechargeable Coffee Table,Furniture,60.64,1926
181,Ultra Sofa Cover,Furniture,268.58,4605
622,Premium Sweater,Clothing,566.15,4112
352,Portable Stapler,Office Supplies,26.12,4707
178,Smart Garden Hose,Garden,233.05,2307
823,Heavy Duty Coffee Maker,Home & Kitchen,514.5,212
483,Pro Thermometer,Health,608.9,552
704,Eco-Friendly Tire Gauge,Automotive,933.0,406
857,Lightweight Tire Gauge,Automotive,251.9,2635
876,Lightweight Whiteboard,Office Supplies,182.07,1903
23,Classic Stapler,Office Supplies,407.71,2670
342,Pro Jacket,Clothing,686.52,2840
976,Wireless Vinyl Record,Music,359.18,2759
439,Classic Tire Gauge,Automotive,51.42,570
697,Lightweight Stapler,Office Supplies,777.12,2763
198,Premium Perfume,Beauty,444.43,1795
385,Basic Fish Tank Filter,Pet Supplies,53.26,3477
115,Wireless Tent,Sports & Outdoors,67.7,4416
601,Smart Face Cream,Beauty,672.26,3507
67,Deluxe Air Freshener,Automotive,225.18,863
578,Heavy Duty Cat Litter,Pet Supplies,865.52,4265
295,Compact Comic Book,Books,945.23,4100
431,Eco-Friendly Vinyl Record,Music,425.55,1052
109,Stainless Steel Cat Litter,Pet Supplies,125.92,1269
503,Classic T-Shirt,Clothing,531.42,891
285,Basic Seat Cover,Automotive,48.15,1672
143,Heavy Duty Air Freshener,Automotive,616.66,3099
263,Pro Fish Tank Filter,Pet Supplies,978.44,1993
539,Classic Building Blocks,Toys,730.3,550
949,Eco-Friendly Coffee Table,Furniture,342.06,4459
479, Rechargeable Comic Book,Books,108.0,1054
800,Pro Sticky Notes,Office Supplies,885.19,1983
892,Deluxe Webcam,Electronics,811.4,4757
508,Portable Lipstick,Beauty,936.24,1916
490,Lightweight Novel,Books,668.06,1211
230,Eco-Friendly Microphone,Music,626.21,2276
364,Portable Fish Tank Filter,Pet Supplies,578.08,2558
443,Heavy Duty T-Shirt,Clothing,842.91,3230
106,Premium Sticky Notes,Office Supplies,211.88,4558
822,Rechargeable Cap,Clothing,271.96,3123
408,Compact Whiteboard,Office Supplies,527.88,1977
851,Portable Jeans,Clothing,656.8,415
618,Stainless Steel Textbook,Books,948.29,4495
494,Basic Bicycle Helmet,Sports & Outdoors,412.0,3968
58,Stainless Steel Yoga Mat,Sports & Outdoors,204.8,2537
48,Basic Vinyl Record,Music,255.73,1434
370,Heavy Duty Garden Hose,Garden,437.56,1337
709,Premium Textbook,Books,604.16,1270
202,Portable Dash Cam,Automotive,502.81,1260
293,Basic Action Figure,Toys,971.72,933
824,Pro Dash Cam,Automotive,746.01,441
844,Pro Tent,Sports & Outdoors,848.91,4484
615,Basic Puzzle,Toys,637.32,3333
789,Rechargeable Toaster,Home & Kitchen,65.73,3485
927,Pro Coffee Table,Furniture,82.34,4154
657,Rechargeable Yoga Mat,Sports & Outdoors,12.36,2880
177,Ultra Pasta Pack,Grocery,399.54,1244
957,Heavy Duty Fish Tank Filter,Pet Supplies,125.69,1038
271,Premium Plant Pot,Garden,295.99,1646
314,Classic Remote Car,Toys,220.61,1414
897,Classic Cookbook,Books,879.49,2631
698,Compact Webcam,Electronics,68.33,4336
446,Lightweight Olive Oil,Grocery,935.95,2374
476,Lightweight Hair Dryer,Beauty,602.71,787
797,Premium Watering Can,Garden,432.14,2650
192,Pro Office Chair,Furniture,74.97,1022
652,Eco-Friendly Smartwatch,Electronics,694.86,1559
807,Heavy Duty Pen Set,Office Supplies,308.87,4082
32,Deluxe Dumbbell Set,Sports & Outdoors,139.62,4831
554,Ultra Face Cream,Beauty,501.27,4664
625,Deluxe Dash Cam,Automotive,225.6,145
831,Lightweight Air Freshener,Automotive,892.29,1009
434,Classic Coffee Maker,Home & Kitchen,67.22,1778
948,Wireless Dash Cam,Automotive,23.44,40
420,Ultra Fertilizer Bag,Garden,878.28,3807
241,Heavy Duty Kettle,Home & Kitchen,758.98,4374
24,Rechargeable Pasta Pack,Grocery,862.46,1587
413,Portable Tire Gauge,Automotive,718.56,642
837,Pro Pen Set,Office Supplies,154.03,4990
437,Heavy Duty Sticky Notes,Office Supplies,446.22,2053
661,Basic Air Freshener,Automotive,877.24,1408
903,Classic Laptop Stand,Electronics,696.38,2628
754,Classic Perfume,Beauty,743.38,177
162,Stainless Steel Backpack,Sports & Outdoors,749.9,3486
885,Ultra Jeans,Clothing,789.5,565
961,Stainless Steel Hoodie,Clothing,367.0,3117
862,Deluxe Hoodie,Clothing,426.26,4537
280,Rechargeable Drum Sticks,Music,884.22,283
596,Classic Toaster,Home & Kitchen,486.23,2391
569,Lightweight First Aid Kit,Health,203.28,4510
735,Lightweight Novel,Books,758.2,3445
970,Classic Building Blocks,Toys,805.63,3834
62,Portable Journal,Books,164.01,4656
510,Stainless Steel Honey Jar,Grocery,861.1,1279
570,Classic Plant Pot,Garden,198.61,3210
902,Heavy Duty Coffee Table,Furniture,550.31,4958
520,Ultra Office Chair,Furniture,558.2,-32
689,Wireless Coffee Beans,Grocery,809.78,2601
335,Pro Water Bottle,Sports & Outdoors,224.08,4245
586,Stainless Steel Fertilizer Bag,Garden,126.69,3629
399,Compact Air Freshener,Automotive,96.41,2309
487,Ultra Bicycle Helmet,Sports & Outdoors,159.46,1803
147,Pro Vitamin Pack,Health,661.01,492
794,Compact Lipstick,Beauty,67.9,4057
713,Rechargeable Remote Car,Toys,328.72,3677
724,Rechargeable Tea Box,Grocery,830.75,1422
641,Basic Puzzle,Toys,660.78,1175
541,Compact Board Game,Toys,860.21,3844
134,Eco-Friendly Coffee Maker,Home & Kitchen,967.55,1247
342,Pro Jacket,Clothing,686.52,2840
752,Compact Stapler,Office Supplies,705.55,4319
951,Pro Coffee Maker,Home & Kitchen,291.68,4121
482,Classic Building Blocks,Toys,501.47,684
